CustomerId,PartyId,DateOfBirth,FullName
1,1,09/12/90,Andrew Haney
2,1,09/27/01,Macaulay Pruitt
3,1,11/17/71,Zachery Vinson
4,1,07/05/88,Daniel Gay
5,1,04/29/72,Timothy Summers
6,1,12/20/83,Aladdin Alexander
7,1,05/15/72,Kenyon Riddle
8,1,06/24/83,Jin Jensen
9,1,10/11/94,Benedict Curry
10,1,12/20/89,Reese Kennedy
11,1,02/26/95,Uriel George
12,1,08/01/77,Upton Hobbs
13,1,11/26/03,Gregory Macias
14,1,03/30/72,Fletcher Wright
15,1,06/19/70,Zahir Fulton
16,1,06/24/01,Kasper Mueller
17,1,04/28/76,Nolan Watson
18,1,08/15/98,Simon Avila
19,1,03/28/07,Malik Hatfield
20,1,10/05/72,Talon Bradford
21,1,08/15/98,Harlan Sellers
22,1,08/21/70,Samuel Neal
23,1,11/24/92,Jermaine Santana
24,1,05/23/95,Ezekiel Padilla
25,1,09/15/71,Maxwell Olson
26,1,09/23/98,Griffith Carr
27,1,12/29/77,Deacon Deleon
28,1,01/03/79,Bruce Thomas
29,1,10/26/82,Odysseus Reynolds
30,1,01/12/84,Hector Christian
31,1,06/05/91,Driscoll Haley
32,1,06/06/97,Rogan Tillman
33,1,02/10/71,Hedley Garza
34,1,08/09/76,Samson Sharp
35,1,10/23/04,Abbot Barr
36,1,04/02/98,Rajah Hines
37,1,12/19/73,Tanner Alvarez
38,1,02/11/87,Hiram Jones
39,1,08/16/96,Adrian Stark
40,1,12/17/04,Uriah Harvey
41,1,03/28/96,Zeph Newman
42,1,08/12/71,Eaton Hurley
43,1,08/28/06,Fulton Oneill
44,1,12/12/05,Kenyon Lowery
45,1,03/18/92,Fuller Joyner
46,1,08/27/75,Keefe Atkins
47,1,03/19/04,Martin Christensen
48,1,01/14/98,Rudyard Chambers
49,1,10/17/96,Lucian Figueroa
50,1,10/06/02,Ferdinand Patterson
51,1,09/19/97,Ralph Kent
52,1,04/25/92,Dorian Marquez
53,1,07/03/00,Fritz Cooper
54,1,03/05/77,Paki Jacobs
55,1,04/26/83,Rashad Curry
56,1,01/04/97,Harrison Whitney
57,1,06/24/96,Erich Ashley
58,1,11/02/79,John Stout
59,1,05/23/72,Edan Crosby
60,1,08/13/87,Darius King
61,1,02/17/73,Dexter Black
62,1,03/11/05,Emery Roach
63,1,01/04/77,Cole Madden
64,1,03/15/77,Paki Juarez
65,1,08/28/85,Lance Cooper
66,1,06/26/92,Finn Hale
67,1,06/27/06,Beck Craft
68,1,02/09/84,Kennedy Medina
69,1,06/09/76,Brock Kennedy
70,1,01/11/85,Fuller Guzman
71,1,10/28/91,Jasper Sandoval
72,1,09/18/86,Porter Long
73,1,08/06/75,Richard Briggs
74,1,11/18/78,Dalton Leon
75,1,07/21/05,Blaze Rich
76,1,06/08/03,Gage Sanchez
77,1,10/18/86,Xanthus Huffman
78,1,10/24/72,Christian Benjamin
79,1,07/22/77,Brett Potts
80,1,08/03/99,Lamar Arnold
81,1,07/03/95,Noble Bullock
82,1,03/26/02,Joseph Ashley
83,1,12/23/90,Rigel Peterson
84,1,02/26/85,Beck Ross
85,1,11/07/71,Ryan Nelson
86,1,03/08/92,Keaton Barlow
87,1,11/27/70,Bevis Wells
88,1,08/05/85,Geoffrey Lambert
89,1,12/08/95,Sean Holt
90,1,10/15/75,Stephen Simpson
91,1,07/09/84,Aristotle Washington
92,1,01/18/95,Xenos Alexander
93,1,05/05/01,Merrill Norman
94,1,01/18/79,Hunter Welch
95,1,01/27/83,Coby Hahn
96,1,04/11/08,Scott Avery
97,1,09/22/70,Jackson Moon
98,1,11/18/93,Moses Rush
99,1,12/06/76,Abdul Goodman
100,1,07/30/80,Andrew Mcconnell